[
    {
        "model": "orders.category",
        "pk": 1,
        "fields": {
            "name": "Regular Pizza"
        }
    },
    {
        "model": "orders.category",
        "pk": 2,
        "fields": {
            "name": "Sicilian Pizza"
        }
    },
    {
        "model": "orders.category",
        "pk": 4,
        "fields": {
            "name": "Subs"
        }
    },
    {
        "model": "orders.category",
        "pk": 5,
        "fields": {
            "name": "Pasta"
        }
    },
    {
        "model": "orders.category",
        "pk": 6,
        "fields": {
            "name": "Salads"
        }
    },
    {
        "model": "orders.category",
        "pk": 7,
        "fields": {
            "name": "Dinner Platters"
        }
    },
    {
        "model": "orders.extra",
        "pk": 1,
        "fields": {
            "name": "Cheese",
            "price": "0.50"
        }
    },
    {
        "model": "orders.extra",
        "pk": 2,
        "fields": {
            "name": "Mushrooms",
            "price": "0.50"
        }
    },
    {
        "model": "orders.extra",
        "pk": 3,
        "fields": {
            "name": "Green Peppers",
            "price": "0.50"
        }
    },
    {
        "model": "orders.extra",
        "pk": 4,
        "fields": {
            "name": "Onions",
            "price": "0.50"
        }
    },
    {
        "model": "orders.menuitem",
        "pk": 2,
        "fields": {
            "category": 1,
            "name": "Cheese",
            "small_price": "12.70",
            "large_price": "17.95",
            "price": "0.00"
        }
    },
    {
        "model": "orders.menuitem",
        "pk": 6,
        "fields": {
            "category": 1,
            "name": "Special",
            "small_price": "17.75",
            "large_price": "25.95",
            "price": "0.00"
        }
    },
    {
        "model": "orders.menuitem",
        "pk": 7,
        "fields": {
            "category": 2,
            "name": "Cheese",
            "small_price": "24.45",
            "large_price": "38.70",
            "price": "0.00"
        }
    },
    {
        "model": "orders.menuitem",
        "pk": 8,
        "fields": {
            "category": 2,
            "name": "1 item",
            "small_price": "26.45",
            "large_price": "40.70",
            "price": "0.00"
        }
    },
    {
        "model": "orders.menuitem",
        "pk": 9,
        "fields": {
            "category": 2,
            "name": "2 items",
            "small_price": "28.45",
            "large_price": "42.70",
            "price": "0.00"
        }
    },
    {
        "model": "orders.menuitem",
        "pk": 10,
        "fields": {
            "category": 2,
            "name": "3 items",
            "small_price": "29.45",
            "large_price": "44.70",
            "price": "0.00"
        }
    },
    {
        "model": "orders.menuitem",
        "pk": 11,
        "fields": {
            "category": 2,
            "name": "Special",
            "small_price": "30.45",
            "large_price": "45.70",
            "price": "0.00"
        }
    },
    {
        "model": "orders.menuitem",
        "pk": 12,
        "fields": {
            "category": 4,
            "name": "Cheese",
            "small_price": "6.50",
            "large_price": "7.95",
            "price": "0.00"
        }
    },
    {
        "model": "orders.menuitem",
        "pk": 13,
        "fields": {
            "category": 4,
            "name": "Italian",
            "small_price": "6.50",
            "large_price": "7.95",
            "price": "0.00"
        }
    },
    {
        "model": "orders.menuitem",
        "pk": 14,
        "fields": {
            "category": 4,
            "name": "Ham + Cheese",
            "small_price": "6.50",
            "large_price": "7.95",
            "price": "0.00"
        }
    },
    {
        "model": "orders.menuitem",
        "pk": 15,
        "fields": {
            "category": 4,
            "name": "Meatball",
            "small_price": "6.50",
            "large_price": "7.95",
            "price": "0.00"
        }
    },
    {
        "model": "orders.menuitem",
        "pk": 16,
        "fields": {
            "category": 4,
            "name": "Tuna",
            "small_price": "6.50",
            "large_price": "7.95",
            "price": "0.00"
        }
    },
    {
        "model": "orders.menuitem",
        "pk": 17,
        "fields": {
            "category": 4,
            "name": "Turkey",
            "small_price": "7.50",
            "large_price": "8.50",
            "price": "0.00"
        }
    },
    {
        "model": "orders.menuitem",
        "pk": 18,
        "fields": {
            "category": 4,
            "name": "Chicken Parmigiana",
            "small_price": "7.50",
            "large_price": "8.50",
            "price": "0.00"
        }
    },
    {
        "model": "orders.menuitem",
        "pk": 19,
        "fields": {
            "category": 4,
            "name": "Eggplant Parmigiana",
            "small_price": "6.50",
            "large_price": "7.95",
            "price": "0.00"
        }
    },
    {
        "model": "orders.menuitem",
        "pk": 20,
        "fields": {
            "category": 4,
            "name": "Steak",
            "small_price": "6.50",
            "large_price": "7.95",
            "price": "0.00"
        }
    },
    {
        "model": "orders.menuitem",
        "pk": 21,
        "fields": {
            "category": 4,
            "name": "Steak + Cheese",
            "small_price": "6.95",
            "large_price": "8.50",
            "price": "0.00"
        }
    },
    {
        "model": "orders.menuitem",
        "pk": 22,
        "fields": {
            "category": 4,
            "name": "Sausage, Peppers & Onions",
            "small_price": "0.00",
            "large_price": "8.50",
            "price": "0.00"
        }
    },
    {
        "model": "orders.menuitem",
        "pk": 25,
        "fields": {
            "category": 4,
            "name": "Hamburger",
            "small_price": "4.60",
            "large_price": "6.95",
            "price": "0.00"
        }
    },
    {
        "model": "orders.menuitem",
        "pk": 26,
        "fields": {
            "category": 4,
            "name": "Cheeseburger",
            "small_price": "5.10",
            "large_price": "7.45",
            "price": "0.00"
        }
    },
    {
        "model": "orders.menuitem",
        "pk": 27,
        "fields": {
            "category": 4,
            "name": "Fried Chicken",
            "small_price": "6.95",
            "large_price": "8.50",
            "price": "0.00"
        }
    },
    {
        "model": "orders.menuitem",
        "pk": 28,
        "fields": {
            "category": 4,
            "name": "Veggie",
            "small_price": "6.95",
            "large_price": "8.50",
            "price": "0.00"
        }
    },
    {
        "model": "orders.menuitem",
        "pk": 29,
        "fields": {
            "category": 4,
            "name": "Extra Cheese on any sub",
            "small_price": "0.50",
            "large_price": "0.50",
            "price": "0.00"
        }
    },
    {
        "model": "orders.menuitem",
        "pk": 34,
        "fields": {
            "category": 5,
            "name": "Baked Ziti w/Mozzarella",
            "small_price": null,
            "large_price": null,
            "price": "6.50"
        }
    },
    {
        "model": "orders.menuitem",
        "pk": 35,
        "fields": {
            "category": 5,
            "name": "Baked Ziti w/Meatballs",
            "small_price": null,
            "large_price": null,
            "price": "8.75"
        }
    },
    {
        "model": "orders.menuitem",
        "pk": 36,
        "fields": {
            "category": 5,
            "name": "Baked Ziti w/Chicken",
            "small_price": null,
            "large_price": null,
            "price": "9.75"
        }
    },
    {
        "model": "orders.menuitem",
        "pk": 37,
        "fields": {
            "category": 6,
            "name": "Garden Salad",
            "small_price": null,
            "large_price": null,
            "price": "6.25"
        }
    },
    {
        "model": "orders.menuitem",
        "pk": 38,
        "fields": {
            "category": 6,
            "name": "Greek Salad",
            "small_price": null,
            "large_price": null,
            "price": "8.25"
        }
    },
    {
        "model": "orders.menuitem",
        "pk": 39,
        "fields": {
            "category": 6,
            "name": "Antipasto",
            "small_price": null,
            "large_price": null,
            "price": "8.25"
        }
    },
    {
        "model": "orders.menuitem",
        "pk": 40,
        "fields": {
            "category": 6,
            "name": "Salad w/Tuna",
            "small_price": null,
            "large_price": null,
            "price": "8.25"
        }
    },
    {
        "model": "orders.menuitem",
        "pk": 41,
        "fields": {
            "category": 7,
            "name": "Garden Salad",
            "small_price": "40.00",
            "large_price": "65.00",
            "price": null
        }
    },
    {
        "model": "orders.menuitem",
        "pk": 42,
        "fields": {
            "category": 7,
            "name": "Greek Salad",
            "small_price": "50.00",
            "large_price": "75.00",
            "price": null
        }
    },
    {
        "model": "orders.menuitem",
        "pk": 43,
        "fields": {
            "category": 7,
            "name": "Antipasto",
            "small_price": "50.00",
            "large_price": "75.00",
            "price": null
        }
    },
    {
        "model": "orders.menuitem",
        "pk": 44,
        "fields": {
            "category": 7,
            "name": "Baked Ziti",
            "small_price": "40.00",
            "large_price": "65.00",
            "price": null
        }
    },
    {
        "model": "orders.menuitem",
        "pk": 45,
        "fields": {
            "category": 7,
            "name": "Meatball Parm",
            "small_price": "50.00",
            "large_price": "75.00",
            "price": null
        }
    },
    {
        "model": "orders.menuitem",
        "pk": 46,
        "fields": {
            "category": 7,
            "name": "Chicken Parm",
            "small_price": "55.00",
            "large_price": "85.00",
            "price": null
        }
    },
    {
        "model": "contenttypes.contenttype",
        "fields": {
            "app_label": "admin",
            "model": "logentry"
        }
    },
    {
        "model": "contenttypes.contenttype",
        "fields": {
            "app_label": "auth",
            "model": "permission"
        }
    },
    {
        "model": "contenttypes.contenttype",
        "fields": {
            "app_label": "auth",
            "model": "group"
        }
    },
    {
        "model": "contenttypes.contenttype",
        "fields": {
            "app_label": "auth",
            "model": "user"
        }
    },
    {
        "model": "contenttypes.contenttype",
        "fields": {
            "app_label": "contenttypes",
            "model": "contenttype"
        }
    },
    {
        "model": "contenttypes.contenttype",
        "fields": {
            "app_label": "sessions",
            "model": "session"
        }
    },
    {
        "model": "contenttypes.contenttype",
        "fields": {
            "app_label": "orders",
            "model": "category"
        }
    },
    {
        "model": "contenttypes.contenttype",
        "fields": {
            "app_label": "orders",
            "model": "extra"
        }
    },
    {
        "model": "contenttypes.contenttype",
        "fields": {
            "app_label": "orders",
            "model": "menuitem"
        }
    },
    {
        "model": "contenttypes.contenttype",
        "fields": {
            "app_label": "orders",
            "model": "order"
        }
    },
    {
        "model": "contenttypes.contenttype",
        "fields": {
            "app_label": "orders",
            "model": "shoppingcart"
        }
    },
    {
        "model": "contenttypes.contenttype",
        "fields": {
            "app_label": "orders",
            "model": "ordereditem"
        }
    },
    {
        "model": "auth.permission",
        "fields": {
            "name": "Can add log entry",
            "content_type": [
                "admin",
                "logentry"
            ],
            "codename": "add_logentry"
        }
    },
    {
        "model": "auth.permission",
        "fields": {
            "name": "Can change log entry",
            "content_type": [
                "admin",
                "logentry"
            ],
            "codename": "change_logentry"
        }
    },
    {
        "model": "auth.permission",
        "fields": {
            "name": "Can delete log entry",
            "content_type": [
                "admin",
                "logentry"
            ],
            "codename": "delete_logentry"
        }
    },
    {
        "model": "auth.permission",
        "fields": {
            "name": "Can view log entry",
            "content_type": [
                "admin",
                "logentry"
            ],
            "codename": "view_logentry"
        }
    },
    {
        "model": "auth.permission",
        "fields": {
            "name": "Can add permission",
            "content_type": [
                "auth",
                "permission"
            ],
            "codename": "add_permission"
        }
    },
    {
        "model": "auth.permission",
        "fields": {
            "name": "Can change permission",
            "content_type": [
                "auth",
                "permission"
            ],
            "codename": "change_permission"
        }
    },
    {
        "model": "auth.permission",
        "fields": {
            "name": "Can delete permission",
            "content_type": [
                "auth",
                "permission"
            ],
            "codename": "delete_permission"
        }
    },
    {
        "model": "auth.permission",
        "fields": {
            "name": "Can view permission",
            "content_type": [
                "auth",
                "permission"
            ],
            "codename": "view_permission"
        }
    },
    {
        "model": "auth.permission",
        "fields": {
            "name": "Can add group",
            "content_type": [
                "auth",
                "group"
            ],
            "codename": "add_group"
        }
    },
    {
        "model": "auth.permission",
        "fields": {
            "name": "Can change group",
            "content_type": [
                "auth",
                "group"
            ],
            "codename": "change_group"
        }
    },
    {
        "model": "auth.permission",
        "fields": {
            "name": "Can delete group",
            "content_type": [
                "auth",
                "group"
            ],
            "codename": "delete_group"
        }
    },
    {
        "model": "auth.permission",
        "fields": {
            "name": "Can view group",
            "content_type": [
                "auth",
                "group"
            ],
            "codename": "view_group"
        }
    },
    {
        "model": "auth.permission",
        "fields": {
            "name": "Can add user",
            "content_type": [
                "auth",
                "user"
            ],
            "codename": "add_user"
        }
    },
    {
        "model": "auth.permission",
        "fields": {
            "name": "Can change user",
            "content_type": [
                "auth",
                "user"
            ],
            "codename": "change_user"
        }
    },
    {
        "model": "auth.permission",
        "fields": {
            "name": "Can delete user",
            "content_type": [
                "auth",
                "user"
            ],
            "codename": "delete_user"
        }
    },
    {
        "model": "auth.permission",
        "fields": {
            "name": "Can view user",
            "content_type": [
                "auth",
                "user"
            ],
            "codename": "view_user"
        }
    },
    {
        "model": "auth.permission",
        "fields": {
            "name": "Can add content type",
            "content_type": [
                "contenttypes",
                "contenttype"
            ],
            "codename": "add_contenttype"
        }
    },
    {
        "model": "auth.permission",
        "fields": {
            "name": "Can change content type",
            "content_type": [
                "contenttypes",
                "contenttype"
            ],
            "codename": "change_contenttype"
        }
    },
    {
        "model": "auth.permission",
        "fields": {
            "name": "Can delete content type",
            "content_type": [
                "contenttypes",
                "contenttype"
            ],
            "codename": "delete_contenttype"
        }
    },
    {
        "model": "auth.permission",
        "fields": {
            "name": "Can view content type",
            "content_type": [
                "contenttypes",
                "contenttype"
            ],
            "codename": "view_contenttype"
        }
    },
    {
        "model": "auth.permission",
        "fields": {
            "name": "Can add session",
            "content_type": [
                "sessions",
                "session"
            ],
            "codename": "add_session"
        }
    },
    {
        "model": "auth.permission",
        "fields": {
            "name": "Can change session",
            "content_type": [
                "sessions",
                "session"
            ],
            "codename": "change_session"
        }
    },
    {
        "model": "auth.permission",
        "fields": {
            "name": "Can delete session",
            "content_type": [
                "sessions",
                "session"
            ],
            "codename": "delete_session"
        }
    },
    {
        "model": "auth.permission",
        "fields": {
            "name": "Can view session",
            "content_type": [
                "sessions",
                "session"
            ],
            "codename": "view_session"
        }
    },
    {
        "model": "auth.permission",
        "fields": {
            "name": "Can add category",
            "content_type": [
                "orders",
                "category"
            ],
            "codename": "add_category"
        }
    },
    {
        "model": "auth.permission",
        "fields": {
            "name": "Can change category",
            "content_type": [
                "orders",
                "category"
            ],
            "codename": "change_category"
        }
    },
    {
        "model": "auth.permission",
        "fields": {
            "name": "Can delete category",
            "content_type": [
                "orders",
                "category"
            ],
            "codename": "delete_category"
        }
    },
    {
        "model": "auth.permission",
        "fields": {
            "name": "Can view category",
            "content_type": [
                "orders",
                "category"
            ],
            "codename": "view_category"
        }
    },
    {
        "model": "auth.permission",
        "fields": {
            "name": "Can add extra",
            "content_type": [
                "orders",
                "extra"
            ],
            "codename": "add_extra"
        }
    },
    {
        "model": "auth.permission",
        "fields": {
            "name": "Can change extra",
            "content_type": [
                "orders",
                "extra"
            ],
            "codename": "change_extra"
        }
    },
    {
        "model": "auth.permission",
        "fields": {
            "name": "Can delete extra",
            "content_type": [
                "orders",
                "extra"
            ],
            "codename": "delete_extra"
        }
    },
    {
        "model": "auth.permission",
        "fields": {
            "name": "Can view extra",
            "content_type": [
                "orders",
                "extra"
            ],
            "codename": "view_extra"
        }
    },
    {
        "model": "auth.permission",
        "fields": {
            "name": "Can add menu item",
            "content_type": [
                "orders",
                "menuitem"
            ],
            "codename": "add_menuitem"
        }
    },
    {
        "model": "auth.permission",
        "fields": {
            "name": "Can change menu item",
            "content_type": [
                "orders",
                "menuitem"
            ],
            "codename": "change_menuitem"
        }
    },
    {
        "model": "auth.permission",
        "fields": {
            "name": "Can delete menu item",
            "content_type": [
                "orders",
                "menuitem"
            ],
            "codename": "delete_menuitem"
        }
    },
    {
        "model": "auth.permission",
        "fields": {
            "name": "Can view menu item",
            "content_type": [
                "orders",
                "menuitem"
            ],
            "codename": "view_menuitem"
        }
    },
    {
        "model": "auth.permission",
        "fields": {
            "name": "Can add order",
            "content_type": [
                "orders",
                "order"
            ],
            "codename": "add_order"
        }
    },
    {
        "model": "auth.permission",
        "fields": {
            "name": "Can change order",
            "content_type": [
                "orders",
                "order"
            ],
            "codename": "change_order"
        }
    },
    {
        "model": "auth.permission",
        "fields": {
            "name": "Can delete order",
            "content_type": [
                "orders",
                "order"
            ],
            "codename": "delete_order"
        }
    },
    {
        "model": "auth.permission",
        "fields": {
            "name": "Can view order",
            "content_type": [
                "orders",
                "order"
            ],
            "codename": "view_order"
        }
    },
    {
        "model": "auth.permission",
        "fields": {
            "name": "Can add shopping cart",
            "content_type": [
                "orders",
                "shoppingcart"
            ],
            "codename": "add_shoppingcart"
        }
    },
    {
        "model": "auth.permission",
        "fields": {
            "name": "Can change shopping cart",
            "content_type": [
                "orders",
                "shoppingcart"
            ],
            "codename": "change_shoppingcart"
        }
    },
    {
        "model": "auth.permission",
        "fields": {
            "name": "Can delete shopping cart",
            "content_type": [
                "orders",
                "shoppingcart"
            ],
            "codename": "delete_shoppingcart"
        }
    },
    {
        "model": "auth.permission",
        "fields": {
            "name": "Can view shopping cart",
            "content_type": [
                "orders",
                "shoppingcart"
            ],
            "codename": "view_shoppingcart"
        }
    },
    {
        "model": "auth.permission",
        "fields": {
            "name": "Can add ordered item",
            "content_type": [
                "orders",
                "ordereditem"
            ],
            "codename": "add_ordereditem"
        }
    },
    {
        "model": "auth.permission",
        "fields": {
            "name": "Can change ordered item",
            "content_type": [
                "orders",
                "ordereditem"
            ],
            "codename": "change_ordereditem"
        }
    },
    {
        "model": "auth.permission",
        "fields": {
            "name": "Can delete ordered item",
            "content_type": [
                "orders",
                "ordereditem"
            ],
            "codename": "delete_ordereditem"
        }
    },
    {
        "model": "auth.permission",
        "fields": {
            "name": "Can view ordered item",
            "content_type": [
                "orders",
                "ordereditem"
            ],
            "codename": "view_ordereditem"
        }
    },
    {
        "model": "auth.user",
        "fields": {
            "password": "pbkdf2_sha256$180000$QnV48Gt9QRmM$oUS09WFS83sC7pDDioSEMClNNIROcWylcAeu8pXgPRk=",
            "last_login": "2020-06-07T07:29:21.711Z",
            "is_superuser": true,
            "username": "admin",
            "first_name": "",
            "last_name": "",
            "email": "",
            "is_staff": true,
            "is_active": true,
            "date_joined": "2020-06-07T07:28:46.715Z",
            "groups": [],
            "user_permissions": []
        }
    },
    {
        "model": "auth.user",
        "fields": {
            "password": "guts",
            "last_login": null,
            "is_superuser": false,
            "username": "",
            "first_name": "Ahmed",
            "last_name": "Fayez",
            "email": "ahmedf.higgy@gmail.com",
            "is_staff": false,
            "is_active": true,
            "date_joined": "2020-06-13T06:50:27.884Z",
            "groups": [],
            "user_permissions": []
        }
    },
    {
        "model": "auth.user",
        "fields": {
            "password": "guts",
            "last_login": null,
            "is_superuser": false,
            "username": "lolxd",
            "first_name": "Mohamed",
            "last_name": "Ahmed",
            "email": "drainlastwhisper@gmail.com",
            "is_staff": false,
            "is_active": true,
            "date_joined": "2020-06-13T09:15:48.967Z",
            "groups": [],
            "user_permissions": []
        }
    },
    {
        "model": "auth.user",
        "fields": {
            "password": "lol",
            "last_login": null,
            "is_superuser": false,
            "username": "lolxdd",
            "first_name": "Ahmed",
            "last_name": "Ahmed",
            "email": "test@test.com",
            "is_staff": false,
            "is_active": true,
            "date_joined": "2020-06-13T09:41:39.511Z",
            "groups": [],
            "user_permissions": []
        }
    },
    {
        "model": "auth.user",
        "fields": {
            "password": "pbkdf2_sha256$180000$Xr3hZYmcooSU$uhppEKAG2yGB/6lNPKcFDMXNc+D866KV8PHy/70B548=",
            "last_login": null,
            "is_superuser": false,
            "username": "new",
            "first_name": "Ahemd",
            "last_name": "Fayez",
            "email": "koko@koko.com",
            "is_staff": false,
            "is_active": true,
            "date_joined": "2020-06-13T10:04:07.989Z",
            "groups": [],
            "user_permissions": []
        }
    },
    {
        "model": "auth.user",
        "fields": {
            "password": "pbkdf2_sha256$180000$W2qeQoH2pX01$qGEBpAr9tV9sy+sBj3i6bo+XBOwwgImeriURe+3lpCA=",
            "last_login": "2020-06-13T16:52:46.977Z",
            "is_superuser": false,
            "username": "nnn",
            "first_name": "Ahmed",
            "last_name": "Fayez",
            "email": "new@test.com",
            "is_staff": false,
            "is_active": true,
            "date_joined": "2020-06-13T16:30:40.654Z",
            "groups": [],
            "user_permissions": []
        }
    },
    {
        "model": "admin.logentry",
        "pk": 1,
        "fields": {
            "action_time": "2020-06-09T09:51:56.922Z",
            "user": [
                "admin"
            ],
            "content_type": [
                "orders",
                "category"
            ],
            "object_id": "1",
            "object_repr": "Regular Pizza",
            "action_flag": 1,
            "change_message": "[{\"added\": {}}]"
        }
    },
    {
        "model": "admin.logentry",
        "pk": 2,
        "fields": {
            "action_time": "2020-06-09T09:52:12.601Z",
            "user": [
                "admin"
            ],
            "content_type": [
                "orders",
                "category"
            ],
            "object_id": "2",
            "object_repr": "Sicilian Pizza",
            "action_flag": 1,
            "change_message": "[{\"added\": {}}]"
        }
    },
    {
        "model": "admin.logentry",
        "pk": 4,
        "fields": {
            "action_time": "2020-06-09T09:52:36.658Z",
            "user": [
                "admin"
            ],
            "content_type": [
                "orders",
                "category"
            ],
            "object_id": "4",
            "object_repr": "Subs",
            "action_flag": 1,
            "change_message": "[{\"added\": {}}]"
        }
    },
    {
        "model": "admin.logentry",
        "pk": 5,
        "fields": {
            "action_time": "2020-06-09T09:52:44.163Z",
            "user": [
                "admin"
            ],
            "content_type": [
                "orders",
                "category"
            ],
            "object_id": "5",
            "object_repr": "Pasta",
            "action_flag": 1,
            "change_message": "[{\"added\": {}}]"
        }
    },
    {
        "model": "admin.logentry",
        "pk": 6,
        "fields": {
            "action_time": "2020-06-09T09:52:51.689Z",
            "user": [
                "admin"
            ],
            "content_type": [
                "orders",
                "category"
            ],
            "object_id": "6",
            "object_repr": "Salads",
            "action_flag": 1,
            "change_message": "[{\"added\": {}}]"
        }
    },
    {
        "model": "admin.logentry",
        "pk": 7,
        "fields": {
            "action_time": "2020-06-09T09:53:01.900Z",
            "user": [
                "admin"
            ],
            "content_type": [
                "orders",
                "category"
            ],
            "object_id": "7",
            "object_repr": "Dinner Platters",
            "action_flag": 1,
            "change_message": "[{\"added\": {}}]"
        }
    },
    {
        "model": "admin.logentry",
        "pk": 28,
        "fields": {
            "action_time": "2020-06-09T09:56:48.798Z",
            "user": [
                "admin"
            ],
            "content_type": [
                "orders",
                "extra"
            ],
            "object_id": "1",
            "object_repr": "Cheese: 0.50",
            "action_flag": 1,
            "change_message": "[{\"added\": {}}]"
        }
    },
    {
        "model": "admin.logentry",
        "pk": 29,
        "fields": {
            "action_time": "2020-06-09T09:57:01.754Z",
            "user": [
                "admin"
            ],
            "content_type": [
                "orders",
                "extra"
            ],
            "object_id": "2",
            "object_repr": "Mushrooms: 0.50",
            "action_flag": 1,
            "change_message": "[{\"added\": {}}]"
        }
    },
    {
        "model": "admin.logentry",
        "pk": 30,
        "fields": {
            "action_time": "2020-06-09T09:57:09.196Z",
            "user": [
                "admin"
            ],
            "content_type": [
                "orders",
                "extra"
            ],
            "object_id": "3",
            "object_repr": "Green Peppers: 0.50",
            "action_flag": 1,
            "change_message": "[{\"added\": {}}]"
        }
    },
    {
        "model": "admin.logentry",
        "pk": 31,
        "fields": {
            "action_time": "2020-06-09T09:57:19.527Z",
            "user": [
                "admin"
            ],
            "content_type": [
                "orders",
                "extra"
            ],
            "object_id": "4",
            "object_repr": "Onions: 0.50",
            "action_flag": 1,
            "change_message": "[{\"added\": {}}]"
        }
    },
    {
        "model": "admin.logentry",
        "pk": 32,
        "fields": {
            "action_time": "2020-06-09T09:58:20.946Z",
            "user": [
                "admin"
            ],
            "content_type": [
                "orders",
                "menuitem"
            ],
            "object_id": "1",
            "object_repr": "Cheese, small: 12.70, large: 17.95",
            "action_flag": 1,
            "change_message": "[{\"added\": {}}]"
        }
    },
    {
        "model": "admin.logentry",
        "pk": 33,
        "fields": {
            "action_time": "2020-06-09T10:42:18.379Z",
            "user": [
                "admin"
            ],
            "content_type": [
                "orders",
                "menuitem"
            ],
            "object_id": "1",
            "object_repr": "Cheese, small: 12.70, large: 17.95",
            "action_flag": 3,
            "change_message": ""
        }
    },
    {
        "model": "admin.logentry",
        "pk": 34,
        "fields": {
            "action_time": "2020-06-10T03:31:25.655Z",
            "user": [
                "admin"
            ],
            "content_type": [
                "orders",
                "menuitem"
            ],
            "object_id": "2",
            "object_repr": "Cheese, small: 12.70, large: 17.95",
            "action_flag": 1,
            "change_message": "[{\"added\": {}}]"
        }
    },
    {
        "model": "admin.logentry",
        "pk": 38,
        "fields": {
            "action_time": "2020-06-10T03:32:31.800Z",
            "user": [
                "admin"
            ],
            "content_type": [
                "orders",
                "menuitem"
            ],
            "object_id": "6",
            "object_repr": "Special, small: 17.75, large: 25.95",
            "action_flag": 1,
            "change_message": "[{\"added\": {}}]"
        }
    },
    {
        "model": "admin.logentry",
        "pk": 39,
        "fields": {
            "action_time": "2020-06-10T03:32:50.931Z",
            "user": [
                "admin"
            ],
            "content_type": [
                "orders",
                "menuitem"
            ],
            "object_id": "7",
            "object_repr": "Cheese, small: 24.45, large: 38.70",
            "action_flag": 1,
            "change_message": "[{\"added\": {}}]"
        }
    },
    {
        "model": "admin.logentry",
        "pk": 40,
        "fields": {
            "action_time": "2020-06-10T03:33:04.847Z",
            "user": [
                "admin"
            ],
            "content_type": [
                "orders",
                "menuitem"
            ],
            "object_id": "8",
            "object_repr": "1 item, small: 26.45, large: 40.70",
            "action_flag": 1,
            "change_message": "[{\"added\": {}}]"
        }
    },
    {
        "model": "admin.logentry",
        "pk": 41,
        "fields": {
            "action_time": "2020-06-10T03:33:20.829Z",
            "user": [
                "admin"
            ],
            "content_type": [
                "orders",
                "menuitem"
            ],
            "object_id": "9",
            "object_repr": "2 items, small: 28.45, large: 42.70",
            "action_flag": 1,
            "change_message": "[{\"added\": {}}]"
        }
    },
    {
        "model": "admin.logentry",
        "pk": 42,
        "fields": {
            "action_time": "2020-06-10T03:33:35.650Z",
            "user": [
                "admin"
            ],
            "content_type": [
                "orders",
                "menuitem"
            ],
            "object_id": "10",
            "object_repr": "3 items, small: 29.45, large: 44.70",
            "action_flag": 1,
            "change_message": "[{\"added\": {}}]"
        }
    },
    {
        "model": "admin.logentry",
        "pk": 43,
        "fields": {
            "action_time": "2020-06-10T03:33:45.367Z",
            "user": [
                "admin"
            ],
            "content_type": [
                "orders",
                "menuitem"
            ],
            "object_id": "11",
            "object_repr": "Special, small: 30.45, large: 45.70",
            "action_flag": 1,
            "change_message": "[{\"added\": {}}]"
        }
    },
    {
        "model": "admin.logentry",
        "pk": 44,
        "fields": {
            "action_time": "2020-06-10T03:34:02.187Z",
            "user": [
                "admin"
            ],
            "content_type": [
                "orders",
                "menuitem"
            ],
            "object_id": "12",
            "object_repr": "Cheese, small: 6.50, large: 7.95",
            "action_flag": 1,
            "change_message": "[{\"added\": {}}]"
        }
    },
    {
        "model": "admin.logentry",
        "pk": 45,
        "fields": {
            "action_time": "2020-06-10T03:34:36.166Z",
            "user": [
                "admin"
            ],
            "content_type": [
                "orders",
                "menuitem"
            ],
            "object_id": "13",
            "object_repr": "Italian, small: 6.50, large: 7.95",
            "action_flag": 1,
            "change_message": "[{\"added\": {}}]"
        }
    },
    {
        "model": "admin.logentry",
        "pk": 46,
        "fields": {
            "action_time": "2020-06-10T03:34:52.734Z",
            "user": [
                "admin"
            ],
            "content_type": [
                "orders",
                "menuitem"
            ],
            "object_id": "14",
            "object_repr": "Ham + Cheese, small: 6.50, large: 7.95",
            "action_flag": 1,
            "change_message": "[{\"added\": {}}]"
        }
    },
    {
        "model": "admin.logentry",
        "pk": 47,
        "fields": {
            "action_time": "2020-06-10T03:35:07.686Z",
            "user": [
                "admin"
            ],
            "content_type": [
                "orders",
                "menuitem"
            ],
            "object_id": "15",
            "object_repr": "Meatball, small: 6.50, large: 7.95",
            "action_flag": 1,
            "change_message": "[{\"added\": {}}]"
        }
    },
    {
        "model": "admin.logentry",
        "pk": 48,
        "fields": {
            "action_time": "2020-06-10T03:35:16.973Z",
            "user": [
                "admin"
            ],
            "content_type": [
                "orders",
                "menuitem"
            ],
            "object_id": "16",
            "object_repr": "Tuna, small: 6.50, large: 7.95",
            "action_flag": 1,
            "change_message": "[{\"added\": {}}]"
        }
    },
    {
        "model": "admin.logentry",
        "pk": 49,
        "fields": {
            "action_time": "2020-06-10T03:35:29.470Z",
            "user": [
                "admin"
            ],
            "content_type": [
                "orders",
                "menuitem"
            ],
            "object_id": "17",
            "object_repr": "Turkey, small: 7.50, large: 8.50",
            "action_flag": 1,
            "change_message": "[{\"added\": {}}]"
        }
    },
    {
        "model": "admin.logentry",
        "pk": 50,
        "fields": {
            "action_time": "2020-06-10T03:35:43.284Z",
            "user": [
                "admin"
            ],
            "content_type": [
                "orders",
                "menuitem"
            ],
            "object_id": "18",
            "object_repr": "Chicken Parmigiana, small: 7.50, large: 8.50",
            "action_flag": 1,
            "change_message": "[{\"added\": {}}]"
        }
    },
    {
        "model": "admin.logentry",
        "pk": 51,
        "fields": {
            "action_time": "2020-06-10T03:35:56.334Z",
            "user": [
                "admin"
            ],
            "content_type": [
                "orders",
                "menuitem"
            ],
            "object_id": "19",
            "object_repr": "Eggplant Parmigiana, small: 6.50, large: 7.95",
            "action_flag": 1,
            "change_message": "[{\"added\": {}}]"
        }
    },
    {
        "model": "admin.logentry",
        "pk": 52,
        "fields": {
            "action_time": "2020-06-10T03:36:05.783Z",
            "user": [
                "admin"
            ],
            "content_type": [
                "orders",
                "menuitem"
            ],
            "object_id": "20",
            "object_repr": "Steak, small: 6.50, large: 7.95",
            "action_flag": 1,
            "change_message": "[{\"added\": {}}]"
        }
    },
    {
        "model": "admin.logentry",
        "pk": 53,
        "fields": {
            "action_time": "2020-06-10T03:36:15.264Z",
            "user": [
                "admin"
            ],
            "content_type": [
                "orders",
                "menuitem"
            ],
            "object_id": "21",
            "object_repr": "Steak + Cheese, small: 6.95, large: 8.50",
            "action_flag": 1,
            "change_message": "[{\"added\": {}}]"
        }
    },
    {
        "model": "admin.logentry",
        "pk": 54,
        "fields": {
            "action_time": "2020-06-10T03:36:35.575Z",
            "user": [
                "admin"
            ],
            "content_type": [
                "orders",
                "menuitem"
            ],
            "object_id": "22",
            "object_repr": "Sausage, Peppers & Onions, small: 0, large: 8.50",
            "action_flag": 1,
            "change_message": "[{\"added\": {}}]"
        }
    },
    {
        "model": "admin.logentry",
        "pk": 55,
        "fields": {
            "action_time": "2020-06-10T03:42:00.991Z",
            "user": [
                "admin"
            ],
            "content_type": [
                "orders",
                "menuitem"
            ],
            "object_id": "25",
            "object_repr": "Hamburger, small: 4.60, large: 6.95",
            "action_flag": 1,
            "change_message": "[{\"added\": {}}]"
        }
    },
    {
        "model": "admin.logentry",
        "pk": 56,
        "fields": {
            "action_time": "2020-06-10T03:42:15.609Z",
            "user": [
                "admin"
            ],
            "content_type": [
                "orders",
                "menuitem"
            ],
            "object_id": "26",
            "object_repr": "Cheeseburger, small: 5.10, large: 7.45",
            "action_flag": 1,
            "change_message": "[{\"added\": {}}]"
        }
    },
    {
        "model": "admin.logentry",
        "pk": 57,
        "fields": {
            "action_time": "2020-06-10T03:42:29.366Z",
            "user": [
                "admin"
            ],
            "content_type": [
                "orders",
                "menuitem"
            ],
            "object_id": "27",
            "object_repr": "Fried Chicken, small: 6.95, large: 8.50",
            "action_flag": 1,
            "change_message": "[{\"added\": {}}]"
        }
    },
    {
        "model": "admin.logentry",
        "pk": 58,
        "fields": {
            "action_time": "2020-06-10T03:42:40.833Z",
            "user": [
                "admin"
            ],
            "content_type": [
                "orders",
                "menuitem"
            ],
            "object_id": "28",
            "object_repr": "Veggie, small: 6.95, large: 8.50",
            "action_flag": 1,
            "change_message": "[{\"added\": {}}]"
        }
    },
    {
        "model": "admin.logentry",
        "pk": 59,
        "fields": {
            "action_time": "2020-06-10T03:42:57.853Z",
            "user": [
                "admin"
            ],
            "content_type": [
                "orders",
                "menuitem"
            ],
            "object_id": "29",
            "object_repr": "Extra Cheese on any sub, small: 0.50, large: 0.50",
            "action_flag": 1,
            "change_message": "[{\"added\": {}}]"
        }
    },
    {
        "model": "admin.logentry",
        "pk": 60,
        "fields": {
            "action_time": "2020-06-10T03:49:25.572Z",
            "user": [
                "admin"
            ],
            "content_type": [
                "orders",
                "menuitem"
            ],
            "object_id": "34",
            "object_repr": "Baked Ziti w/Mozzarella, small: None, large: None",
            "action_flag": 1,
            "change_message": "[{\"added\": {}}]"
        }
    },
    {
        "model": "admin.logentry",
        "pk": 61,
        "fields": {
            "action_time": "2020-06-10T03:49:32.856Z",
            "user": [
                "admin"
            ],
            "content_type": [
                "orders",
                "menuitem"
            ],
            "object_id": "35",
            "object_repr": "Baked Ziti w/Meatballs, small: None, large: None",
            "action_flag": 1,
            "change_message": "[{\"added\": {}}]"
        }
    },
    {
        "model": "admin.logentry",
        "pk": 62,
        "fields": {
            "action_time": "2020-06-10T03:49:45.313Z",
            "user": [
                "admin"
            ],
            "content_type": [
                "orders",
                "menuitem"
            ],
            "object_id": "36",
            "object_repr": "Baked Ziti w/Chicken, small: None, large: None",
            "action_flag": 1,
            "change_message": "[{\"added\": {}}]"
        }
    },
    {
        "model": "admin.logentry",
        "pk": 63,
        "fields": {
            "action_time": "2020-06-10T03:50:07.218Z",
            "user": [
                "admin"
            ],
            "content_type": [
                "orders",
                "menuitem"
            ],
            "object_id": "37",
            "object_repr": "Garden Salad, small: 40.00, large: 65.00",
            "action_flag": 1,
            "change_message": "[{\"added\": {}}]"
        }
    },
    {
        "model": "admin.logentry",
        "pk": 64,
        "fields": {
            "action_time": "2020-06-10T03:50:29.356Z",
            "user": [
                "admin"
            ],
            "content_type": [
                "orders",
                "menuitem"
            ],
            "object_id": "37",
            "object_repr": "Garden Salad, small: None, large: None",
            "action_flag": 2,
            "change_message": "[{\"changed\": {\"fields\": [\"Small price\", \"Large price\", \"Price\"]}}]"
        }
    },
    {
        "model": "admin.logentry",
        "pk": 65,
        "fields": {
            "action_time": "2020-06-10T03:50:41.109Z",
            "user": [
                "admin"
            ],
            "content_type": [
                "orders",
                "menuitem"
            ],
            "object_id": "38",
            "object_repr": "Greek Salad, small: None, large: None",
            "action_flag": 1,
            "change_message": "[{\"added\": {}}]"
        }
    },
    {
        "model": "admin.logentry",
        "pk": 66,
        "fields": {
            "action_time": "2020-06-10T03:50:50.907Z",
            "user": [
                "admin"
            ],
            "content_type": [
                "orders",
                "menuitem"
            ],
            "object_id": "39",
            "object_repr": "Antipasto, small: None, large: None",
            "action_flag": 1,
            "change_message": "[{\"added\": {}}]"
        }
    },
    {
        "model": "admin.logentry",
        "pk": 67,
        "fields": {
            "action_time": "2020-06-10T03:51:02.605Z",
            "user": [
                "admin"
            ],
            "content_type": [
                "orders",
                "menuitem"
            ],
            "object_id": "40",
            "object_repr": "Salad w/Tuna, small: None, large: None",
            "action_flag": 1,
            "change_message": "[{\"added\": {}}]"
        }
    },
    {
        "model": "admin.logentry",
        "pk": 68,
        "fields": {
            "action_time": "2020-06-10T03:51:13.485Z",
            "user": [
                "admin"
            ],
            "content_type": [
                "orders",
                "menuitem"
            ],
            "object_id": "41",
            "object_repr": "Garden Salad, small: 40.00, large: 65.00",
            "action_flag": 1,
            "change_message": "[{\"added\": {}}]"
        }
    },
    {
        "model": "admin.logentry",
        "pk": 69,
        "fields": {
            "action_time": "2020-06-10T03:51:25.380Z",
            "user": [
                "admin"
            ],
            "content_type": [
                "orders",
                "menuitem"
            ],
            "object_id": "42",
            "object_repr": "Greek Salad, small: 50.00, large: 75.00",
            "action_flag": 1,
            "change_message": "[{\"added\": {}}]"
        }
    },
    {
        "model": "admin.logentry",
        "pk": 70,
        "fields": {
            "action_time": "2020-06-10T03:51:37.140Z",
            "user": [
                "admin"
            ],
            "content_type": [
                "orders",
                "menuitem"
            ],
            "object_id": "43",
            "object_repr": "Antipasto, small: 50.00, large: 75.00",
            "action_flag": 1,
            "change_message": "[{\"added\": {}}]"
        }
    },
    {
        "model": "admin.logentry",
        "pk": 71,
        "fields": {
            "action_time": "2020-06-10T03:51:51.975Z",
            "user": [
                "admin"
            ],
            "content_type": [
                "orders",
                "menuitem"
            ],
            "object_id": "44",
            "object_repr": "Baked Ziti, small: 40.00, large: 65.00",
            "action_flag": 1,
            "change_message": "[{\"added\": {}}]"
        }
    },
    {
        "model": "admin.logentry",
        "pk": 72,
        "fields": {
            "action_time": "2020-06-10T03:52:03.408Z",
            "user": [
                "admin"
            ],
            "content_type": [
                "orders",
                "menuitem"
            ],
            "object_id": "45",
            "object_repr": "Meatball Parm, small: 50.00, large: 75.00",
            "action_flag": 1,
            "change_message": "[{\"added\": {}}]"
        }
    },
    {
        "model": "admin.logentry",
        "pk": 73,
        "fields": {
            "action_time": "2020-06-10T03:52:16.640Z",
            "user": [
                "admin"
            ],
            "content_type": [
                "orders",
                "menuitem"
            ],
            "object_id": "46",
            "object_repr": "Chicken Parm, small: 55.00, large: 85.00",
            "action_flag": 1,
            "change_message": "[{\"added\": {}}]"
        }
    }
]
